{
    "rmse": 0.6849509491256016,
    "mae": 0.5403191740207985,
    "r2": 0.25739732862480724
}